method,trustworthiness,continuity,reconstruction_error,silhouette,davies_bouldin
pca,1.0,1.0,,0.526154040738462,0.6392022001551121
tsne,1.0,1.0,,0.563445508480072,0.5622495460665561
umap,1.0,1.0,,0.5873183608055115,0.5473913728093983
lda,1.0,1.0,,0.663169998607709,0.44828613065998074
kernel_pca,1.0,1.0,,0.6104340825752879,0.5366256399845509
isomap,1.0,1.0,,0.5570160924033525,0.5683017499526763
